zip_code,city,region,date,max_temp_f,min_temp_f,condition
90045,Los Angeles,California,2026-10-03,91.3,68.9,Sunny
90045,Los Angeles,California,2026-10-04,92.7,80.7,Sunny
90045,Los Angeles,California,2026-10-05,92.9,81.5,Sunny
10001,New York,New York,2026-10-03,73.4,61.7,Sunny
10001,New York,New York,2026-10-04,67.8,61.4,Overcast
10001,New York,New York,2026-10-05,72.0,58.8,Overcast
60601,Chicago,Illinois,2026-10-03,66.8,55.6,Sunny
60601,Chicago,Illinois,2026-10-04,70.7,57.0,Sunny
60601,Chicago,Illinois,2026-10-05,63.2,57.5,Sunny
98101,Seattle,Washington,2026-10-03,72.1,54.5,Sunny
98101,Seattle,Washington,2026-10-04,75.6,52.9,Sunny
98101,Seattle,Washington,2026-10-05,73.7,53.8,Overcast
33101,Miami,Florida,2026-10-03,86.0,79.3,Patchy rain nearby
33101,Miami,Florida,2026-10-04,86.0,82.4,Patchy rain nearby
33101,Miami,Florida,2026-10-05,86.0,81.2,Patchy rain nearby
77001,Houston,Texas,2026-10-03,84.5,75.7,Light rain shower
77001,Houston,Texas,2026-10-04,76.6,73.0,Overcast
77001,Houston,Texas,2026-10-05,89.8,74.2,Overcast
85001,Phoenix,Arizona,2026-10-03,95.2,77.7,Sunny
85001,Phoenix,Arizona,2026-10-04,96.1,82.4,Sunny
85001,Phoenix,Arizona,2026-10-05,95.7,83.3,Sunny
19101,Philadelphia,Pennsylvania,2026-10-03,72.9,60.7,Overcast
19101,Philadelphia,Pennsylvania,2026-10-04,64.6,61.0,Patchy rain nearby
19101,Philadelphia,Pennsylvania,2026-10-05,71.7,57.5,Overcast
78201,San Antonio,Texas,2026-10-03,84.2,72.5,Light rain shower
78201,San Antonio,Texas,2026-10-04,83.7,71.8,Partly Cloudy
78201,San Antonio,Texas,2026-10-05,86.8,73.7,Sunny
92101,San Diego,California,2026-10-03,92.2,69.3,Sunny
92101,San Diego,California,2026-10-04,90.9,81.4,Sunny
92101,San Diego,California,2026-10-05,88.5,76.6,Sunny
75201,Dallas,Texas,2026-10-03,74.4,71.1,Patchy rain nearby
75201,Dallas,Texas,2026-10-04,81.9,70.6,Overcast
75201,Dallas,Texas,2026-10-05,84.1,74.2,Sunny
95101,San Jose,California,2026-10-03,99.2,60.8,Sunny
95101,San Jose,California,2026-10-04,98.8,69.0,Overcast
95101,San Jose,California,2026-10-05,100.1,68.8,Sunny
78701,Austin,Texas,2026-10-03,80.6,73.4,Overcast
78701,Austin,Texas,2026-10-04,84.2,71.3,Overcast
78701,Austin,Texas,2026-10-05,86.8,74.8,Sunny
32201,Jacksonville,Florida,2026-10-03,88.7,75.2,Overcast
32201,Jacksonville,Florida,2026-10-04,87.4,75.7,Light rain shower
32201,Jacksonville,Florida,2026-10-05,79.4,73.4,Light rain shower
43201,Columbus,Ohio,2026-10-03,68.6,51.1,Sunny
43201,Columbus,Ohio,2026-10-04,73.4,53.9,Overcast
43201,Columbus,Ohio,2026-10-05,66.5,52.4,Sunny
28201,Charlotte,North Carolina,2026-10-03,81.2,64.4,Light rain shower
28201,Charlotte,North Carolina,2026-10-04,63.4,60.3,Light rain
28201,Charlotte,North Carolina,2026-10-05,75.8,63.1,Overcast
46201,Indianapolis,Indiana,2026-10-03,70.8,51.3,Sunny
46201,Indianapolis,Indiana,2026-10-04,75.8,56.2,Sunny
46201,Indianapolis,Indiana,2026-10-05,69.5,54.7,Sunny
94102,San Francisco,California,2026-10-03,77.3,58.1,Sunny
94102,San Francisco,California,2026-10-04,76.9,64.5,Overcast
94102,San Francisco,California,2026-10-05,76.4,63.5,Sunny
80201,Denver,Colorado,2026-10-03,81.5,57.2,Sunny
80201,Denver,Colorado,2026-10-04,80.4,54.0,Sunny
80201,Denver,Colorado,2026-10-05,85.0,58.8,Sunny
02101,Boston,Massachusetts,2026-10-03,65.1,56.1,Sunny
02101,Boston,Massachusetts,2026-10-04,62.8,55.4,Overcast
02101,Boston,Massachusetts,2026-10-05,70.4,53.8,Overcast
